word,num,valence,val.sd,arousal,arousal.sd,dominance,dominance.sd,freq
abduction,621,-2.24,2.06,0.53,2.43,-1.51,2.38,1
abortion,622,-1.5,2.3,0.39,2.8,-0.41,2.54,6
absurd,623,-0.74,1.82,-0.64,2.2,-0.27,1.72,17
abundance,624,1.59,2.01,0.51,2.63,0.8,2.16,13
abuse,1,-3.2,1.23,1.83,2.7,-1.31,2.94,18
acceptance,625,2.98,1.42,0.4,2.7,1.64,1.91,49
accident,2,-2.95,1.19,1.26,2.87,-1.24,2.22,33
ace,626,1.88,1.93,0.5,2.66,1.39,2.31,15
ache,627,-2.54,1.52,0,2.45,-1.46,1.73,4
achievement,3,2.89,1.38,0.53,2.81,1.56,2.35,65
activate,4,0.46,0.98,-0.14,2.56,0.43,1.84,2
addict,581,-2.52,2.08,0.66,2.26,-1.28,2.54,1
addicted,628,-2.49,1.42,-0.19,2.46,-1.54,2.23,3
admired,5,2.74,1.84,1.11,2.36,2.53,1.94,17
adorable,6,2.81,1.24,0.12,2.71,0.74,2.48,3
adult,546,1.49,1.5,-0.24,1.95,0.75,2.21,25
advantage,629,1.95,1.85,-0.24,2.18,1.36,2.23,73
adventure,630,2.6,1.5,1.98,2.15,1.46,1.67,14
affection,7,3.39,0.86,1.21,2.75,1.08,2.22,18
afraid,8,-3,1.28,1.67,2.54,-1.02,2.63,57
aggressive,9,0.1,1.68,0.83,2.33,0.59,2.4,17
agility,22,1.46,1.57,-0.15,1.8,0.87,1.52,3
agony,10,-2.57,2.17,1.06,2.67,-0.98,2.49,9
agreement,631,2.08,1.59,0.02,2.24,1.22,1.85,106
air,632,1.34,1.56,-0.88,2.3,0.1,1.56,257
alcoholic,582,-2.16,2.34,0.69,2.36,-0.55,2.56,3
alert,11,1.2,1.76,1.85,2.53,0.96,2.24,33
alien,633,0.6,1.82,0.45,2.15,-0.36,2.07,16
alimony,634,-1.05,2,-0.7,2.29,-0.37,2.3,2
alive,635,2.25,2.22,0.5,2.74,1.39,2.15,57
allergy,636,-1.93,1.64,-0.36,2.34,-1.79,1.77,1
alley,637,-0.52,1.97,-0.09,2.42,-1,1.7,8
alone,12,-2.59,1.77,-0.17,2.66,-1.3,2.42,195
aloof,13,-0.1,1.92,-0.72,2.1,-0.31,1.92,5
ambition,14,2.04,1.98,0.61,2.92,1.93,2.07,19
ambulance,15,-2.53,1.5,2.33,1.96,-1.78,2.29,6
angel,16,2.53,1.58,-0.17,2.63,-0.03,2.34,18
anger,17,-2.66,1.32,2.63,1.91,0.5,2.82,48
angry,18,-2.15,1.7,2.17,2.07,0.55,2.74,45
anguished,19,-2.88,1.56,0.33,2.69,-1.55,2.37,2
ankle,638,0.27,1.54,-0.84,2.03,-0.23,1.74,8
annoy,20,-2.26,1.81,1.49,2.17,0.09,2.04,2
answer,639,1.63,1.68,0.41,2.43,0.85,1.88,152
anxious,21,-0.19,1.98,1.92,1.81,0.33,1.82,29
applause,640,2.5,1.5,0.8,2.79,1.48,2.11,14
appliance,641,0.1,1.21,-0.95,2.06,0.05,1.34,5
arm,642,0.34,1.82,-1.41,2.4,0.07,1.5,94
army,23,-0.28,1.75,0.03,2.03,0.03,2.45,132
aroused,24,2.97,1,1.63,2.7,1.14,1.97,20
arrogant,25,-1.31,2.4,0.65,2.23,0.14,2.71,2
art,643,1.68,2.1,-0.14,2.88,0.3,2.33,208
assassin,26,-1.91,2.09,1.28,2.53,-0.67,2.68,6
assault,27,-2.97,1.55,2.51,2.28,-1.06,3.1,15
astonished,28,1.56,1.61,1.58,2.22,0.16,1.79,6
astronaut,501,1.66,1.6,0.28,2.11,0.2,1.95,2
athletics,644,1.61,2.08,1.1,2.29,1.12,2.12,9
autumn,29,1.3,2.14,-0.49,2.5,0.15,1.85,22
avalanche,645,-1.71,1.95,0.54,2.37,-1.39,2,1
avenue,646,0.5,1.37,-0.88,2.01,0.4,1.53,46
awed,30,1.7,1.38,0.74,2.31,0.3,2.03,5
baby,31,3.22,1.2,0.53,2.8,0,2.8,62
bake,647,1.17,1.71,0.1,2.3,0.49,1.88,12
bandage,648,-0.46,1.75,-1.1,2.07,-0.48,1.89,4
bankrupt,32,-3,1.31,1.21,2.79,-1.73,2.39,5
banner,649,0.4,0.83,-1.17,1.95,-0.2,1.57,8
bar,650,1.42,2.05,0,2.83,0.47,1.94,82
barrel,651,0.05,1.46,-1.64,2.28,-0.11,1.57,24
basket,547,0.45,1.15,-1.37,2.02,0.76,1.45,17
bastard,33,-1.64,2.16,1.07,2.15,-0.83,2.4,12
bath,502,2.33,1.45,-0.84,2.31,1.41,1.87,26
bathroom,548,0.55,1.36,-1.12,1.72,0.65,1.59,18
bathtub,652,1.69,1.57,-0.64,2.59,0.76,1.76,4
beach,34,3.03,1.59,0.53,3.07,0.44,2.52,61
beast,653,-0.77,2.41,0.57,2.61,-0.11,2.29,7
beautiful,654,2.6,1.64,1.17,2.34,1.29,1.81,127
beauty,35,2.82,1.16,-0.05,2.57,0.53,2.1,71
bed,549,2.51,1.38,-1.39,2.56,1.88,1.78,127
bees,583,-1.8,2.07,1.51,2.14,-0.84,2.11,15
beggar,36,-1.78,2.02,-0.09,2.45,-0.91,2.38,2
bench,655,-0.39,1.4,-1.41,2.07,-0.32,1.38,35
bereavement,656,-0.43,1.7,-0.8,2.15,-0.67,1.73,4
betray,37,-3.32,1.02,2.24,2.06,-0.08,2.97,4
beverage,657,1.83,1.48,0.21,2.46,0.63,2.17,5
bird,38,2.27,1.36,-1.83,2.23,-0.58,2.26,31
birthday,39,2.84,1.92,1.68,2.11,0.89,2.61,18
black,543,0.39,1.8,-0.39,2.24,0.14,1.79,203
blackmail,40,-2.05,1.95,1.03,2.7,-1.46,2.67,2
bland,658,-0.9,1.08,-1.71,1.89,-0.12,1.27,3
blase,41,-0.11,1.16,-1.06,1.76,-0.43,1.44,7
blasphemy,659,-1.25,2.26,-0.07,2.34,-0.25,1.59,4
bless,42,2.19,1.69,-0.95,2.59,0.52,2.22,9
blind,43,-1.95,1.99,-0.61,2.36,-1.72,1.91,47
bliss,660,1.95,2.24,-0.59,2.95,1.12,2.15,4
blister,661,-2.12,1.75,-0.9,2.34,-1.02,1.9,3
blond,662,1.43,2.04,0.07,2.7,0.74,1.67,11
bloody,584,-2.1,1.98,1.41,2,-1.04,1.89,8
blossom,44,2.26,1.18,0.03,2.65,0.53,2.21,7
blubber,663,-1.48,1.99,-0.43,2.38,-1.14,1.97,1
blue,544,1.76,1.78,-0.69,2.2,0.63,1.64,143
board,664,-0.18,1.23,-1.64,2.12,-0.02,1.77,239
body,665,0.55,2.37,0.52,2.63,0.34,2.12,276
bold,45,1.8,1.61,0.6,2.21,1.67,1.81,21
bomb,46,-2.9,1.19,2.15,2.4,-0.46,2.88,36
book,47,0.72,1.54,-0.83,2.49,0.3,2.05,193
bored,48,-2.05,1.35,-2.17,2.31,-0.89,1.7,14
bottle,666,1.15,1.49,-0.21,2.44,-0.22,1.65,76
bouquet,667,2.02,1.84,0.46,2.47,1.15,1.8,4
bowl,49,0.33,1.33,-1.53,2.12,-0.31,1.67,23
boxer,585,0.51,1.8,0.12,2.26,0.1,1.64,1
boy,50,1.32,1.6,-0.42,2.37,0.34,2.2,242
brave,668,2.15,1.64,1.15,2.45,2.22,1.86,24
breast,51,1.5,1.78,0.37,2.39,0.39,2.27,11
breeze,669,1.85,1.71,-0.63,2.32,0.54,1.67,14
bride,670,2.34,1.71,0.55,2.74,0.74,2.36,33
bright,671,2.5,1.55,0.4,2.33,1.34,1.82,87
broken,672,-1.95,1.92,0.43,2.42,-0.86,1.62,63
brother,52,2.11,2.17,-0.29,2.68,0.12,2.31,73
brutal,53,-2.2,1.9,1.6,2.36,-0.41,2.7,7
building,550,0.29,1.15,-1.08,1.94,0.25,1.57,160
bullet,673,-1.71,2.06,0.33,2.48,-1.1,2.61,28
bunny,54,2.24,1.32,-0.94,2.61,-0.03,2.18,1
burdened,55,-2.5,1.32,0.63,2.07,0.03,2.35,4
burial,56,-2.95,1.41,0.08,2.4,-1.45,1.95,11
burn,586,-2.27,1.72,1.22,1.91,-0.78,1.83,15
bus,541,-0.49,1.57,-1.45,1.8,-0.16,1.75,34
busybody,674,0.17,2.02,-0.16,2.41,0.45,1.97,.
butter,57,0.33,1.2,-1.83,1.84,-0.33,1.69,27
butterfly,58,2.17,1.2,-1.53,2.39,-0.35,2.27,2
cabinet,675,0.05,0.31,-1.57,1.85,-0.27,1.66,17
cake,59,2.26,1.27,0,2.37,0.16,2.05,9
cancer,60,-3.5,0.85,1.42,2.83,-1.58,2.99,25
candy,61,1.54,2.09,-0.42,2.4,0.33,1.91,16
cane,677,-1,1.8,-0.8,1.93,-0.73,1.95,12
cannon,678,-0.1,2.2,-0.29,2.84,0.17,2.29,7
capable,62,2.16,1.39,0.08,2.07,1.47,1.94,66
car,551,2.73,1.63,1.24,2.04,1.98,2.06,274
carcass,679,-1.66,1.92,-0.17,2.07,-0.1,1.79,7
carefree,63,2.54,1.38,-0.83,2.84,0.78,2.5,9
caress,64,2.84,1.16,0.14,3,0.83,2.13,1
cash,503,3.37,1,2.37,2.21,1.96,2.39,36
casino,680,1.81,1.66,1.51,2.12,0.12,2.15,2
cat,504,0.72,2.43,-0.62,2.24,1.16,2.05,.
cell,587,-1.18,1.7,-0.92,2.19,-0.88,2.13,65
cellar,681,-0.68,1.68,-0.61,2.33,-0.34,1.61,26
cemetery,65,-2.37,1.4,-0.18,2.66,-0.73,2.14,15
chair,66,0.08,0.98,-1.85,1.77,-0.44,1.6,66
champ,682,2.18,1.97,1,2.43,1.77,2,1
champion,67,3.44,0.9,0.85,3.15,1.5,2.85,23
chance,683,1.02,1.77,0.38,2.58,-0.36,1.93,131
chaos,684,-0.83,2.36,1.67,2.06,-1.14,1.95,17
charm,68,1.77,1.58,0.16,2.25,0.57,2.25,26
cheer,69,3.1,1.17,1.12,2.45,1,2.06,8
child,70,2.08,1.98,0.55,2.29,0.1,2.3,213
chin,685,0.29,1.27,-1.69,1.98,0.26,1.48,27
chocolate,505,1.88,1.89,0.29,2.55,0.18,1.97,9
christmas,686,2.8,1.55,1.27,2.56,0.37,2.09,27
church,71,1.28,2.31,-0.66,2.45,0,2.42,348
circle,687,0.67,1.26,-1.14,2.13,0.03,1.46,60
circus,72,2.3,1.84,0.97,2.59,0.39,2.25,7
city,73,1.03,1.37,0.24,2.53,0.74,2.08,393
cliff,553,-0.33,2.08,1.25,2.15,-0.65,2.11,11
clock,688,0.14,1.54,-0.98,2.54,-0.33,1.97,20
clothing,74,1.54,1.85,-0.22,2.88,0.33,2.14,20
clouds,533,1.18,2.18,-1.7,2.08,0.22,1.66,38
clumsy,689,-1,2.22,0.18,2.4,-1.14,1.79,6
coarse,690,-0.45,1.42,-0.79,1.84,0,1.43,10
coast,691,0.98,1.86,-0.41,2.31,0.67,1.71,61
cockroach,75,-2.19,2.11,1.11,2.78,-0.26,2.58,2
coffin,76,-2.44,1.96,0.03,2.79,-0.92,2.54,7
coin,692,1.02,1.96,-0.71,2.48,0.66,1.68,10
cold,693,-0.98,1.99,0.19,2.23,-0.31,1.73,171
color,694,2.02,1.57,-0.27,2.64,1.17,1.82,141
column,695,0.17,0.85,-1.38,1.91,-0.19,1.58,71
comedy,77,3.37,0.94,0.85,2.81,0.44,2.08,39
comfort,696,2.07,2.14,-1.07,2.85,0.7,2.05,43
computer,552,1.24,1.61,-0.25,1.93,0.29,1.99,13
concentrate,78,0.2,1.28,-0.35,2.13,-0.03,1.75,11
confident,79,2.98,1.29,1.22,2.41,2.68,1.94,16
confused,80,-1.79,1.51,1.03,1.88,-0.76,1.91,44
consoled,81,0.78,1.64,-0.47,2.22,-0.56,1.84,2
contempt,82,-1.15,2.13,0.28,2.04,0.13,1.73,15
contents,83,-0.11,0.89,-0.68,2.14,-0.15,1.49,16
context,84,0.2,1.38,-0.78,2.24,0.17,1.39,2
controlling,85,-1.2,2.25,1.1,2.19,0.17,3.15,23
cook,697,1.16,1.89,-0.56,1.96,0.14,1.49,47
cord,698,0.1,1.09,-1.46,2.09,0,1.22,6
cork,699,0.22,1.13,-1.2,2.18,-0.02,1.04,9
corner,700,-0.64,1.21,-1.09,1.92,-0.88,1.66,115
corpse,86,-2.82,1.48,-0.26,2.94,-1.41,2.44,7
corridor,701,-0.12,1.14,-1.37,2.41,0,1.48,17
corrupt,702,-1.68,2.32,-0.33,2.35,-0.36,2.3,8
cottage,87,1.45,1.52,-1.61,2.54,0.39,1.78,19
couple,506,2.41,1.97,1.39,2.31,1.02,2.28,122
cow,554,0.57,1.53,-1.51,2.13,0.32,1.61,29
coward,703,-2.26,1.64,-0.93,2.19,-2.17,1.61,8
cozy,88,2.39,1.53,-1.68,2.28,-0.11,2.28,1
crash,89,-2.69,1.44,1.95,2.44,-1.56,2.21,20
crime,704,-2.11,2.06,0.41,2.69,-0.88,2.24,34
criminal,705,-2.07,1.66,-0.21,2.51,-1.66,1.73,24
crisis,706,-2.26,2.23,0.44,3.07,-1.4,2.47,82
crown,90,1.58,1.42,-0.72,2.53,1.06,2.15,19
crucify,91,-2.77,1.72,1.47,2.47,-1.26,2.48,2
crude,707,-1.88,1.65,0.07,2.37,-0.73,1.94,15
cruel,92,-3.03,1.67,0.68,2.65,-0.76,2.84,15
crushed,93,-2.79,1.74,0.52,2.87,-1.64,2.69,10
crutch,708,-1.57,1.62,-0.86,2.05,-1.09,1.79,1
cuddle,94,2.72,1.92,-0.6,2.67,0.85,2.42,.
cuisine,709,1.64,1.48,-0.61,1.99,0.41,1.19,1
curious,95,1.08,1.63,0.82,1.64,0.42,1.6,46
curtains,710,-0.17,0.83,-1.33,1.83,0.05,1.56,8
custom,96,0.85,1.53,-0.34,2.12,0,1.87,14
cut,711,-1.36,2.08,0,2.32,-0.3,1.98,192
cute,97,2.62,1.01,0.53,2.71,-0.14,2.32,5
cyclone,98,-1.4,2.38,1.36,2.89,-0.11,2.56,.
dagger,99,-1.62,1.77,1.14,2.64,-0.48,2.27,1
damage,712,-1.95,1.65,0.57,2.26,-1.12,1.86,33
dancer,507,2.14,1.56,1,2.2,1.02,1.93,31
danger,713,-2.05,2.22,2.32,2.07,-1.41,2.31,70
dark,714,-0.29,2.36,-0.72,2.21,-0.16,2.15,185
dawn,715,1.16,2.33,-0.61,2.81,0.16,2.23,28
daylight,716,1.8,2.17,-0.23,2.5,0.48,2.14,15
dazzle,717,2.29,1.09,1.33,2.02,0.62,1.81,1
dead,588,-3.06,1.76,0.73,2.73,-2.16,2.32,174
death,100,-3.39,1.4,-0.41,3.07,-1.53,2.5,277
debt,101,-2.78,1.17,0.68,2.74,-1.98,2.16,13
deceit,718,-2.1,1.63,0.68,2.46,-1.05,2.12,2
decompose,102,-1.8,1.81,-0.35,2.39,-0.98,1.91,1
decorate,719,1.93,1.3,0.14,2.39,1.05,1.86,2
defeated,103,-2.66,1.66,0.09,3,-1.89,2.34,15
defiant,104,-0.74,2.12,1.1,2.51,0.77,2.4,3
deformed,720,-2.59,1.66,-0.93,2.34,-1.05,2.18,.
delayed,721,-1.93,1.74,0.62,2.39,-1.36,1.94,25
delight,105,3.26,1.04,0.44,2.88,0.79,2.24,29
demon,106,-2.89,1.56,1.76,2.68,-0.11,2.89,9
dentist,589,-0.98,2.23,0.73,2.13,-1.2,2.16,12
depressed,107,-3.17,1.42,-0.28,2.95,-2.26,2.13,11
depression,108,-3.15,1.67,-0.46,3.19,-2.09,2.27,24
derelict,722,-0.72,1.84,-0.9,1.94,-0.22,1.56,1
deserter,109,-2.55,1.8,0.5,2.55,-1.23,2.29,.
desire,508,2.69,1.39,2.35,1.76,1.49,1.83,79
despairing,110,-2.57,1.47,0.68,2.37,-1.57,2.11,4
despise,111,-2.97,1.38,1.28,2.43,-0.28,2.8,7
destroy,112,-2.36,2.03,1.83,2.38,-0.06,2.86,48
destruction,723,-1.84,2.44,0.82,2.71,-1.07,2.29,38
detached,113,-1.14,1.88,-0.74,2.57,-1.37,2.15,12
detail,724,0.55,1.58,-0.9,2.24,0.21,1.6,72
detest,114,-2.83,1.3,1.06,2.39,0.83,2.6,1
devil,115,-2.79,1.99,1.07,2.61,0.35,2.75,25
devoted,116,2.41,1.37,0.23,2.21,1.18,2.36,51
diamond,117,2.92,1.2,0.53,2.96,0.54,2.28,8
dignified,118,2.1,1.26,-0.88,2.29,1.12,2.4,7
dinner,509,2.16,1.5,0.43,2.14,1.1,1.87,91
diploma,119,3,1.39,0.67,2.8,1.76,2.5,.
dirt,725,-0.83,1.77,-1.24,2.26,-0.17,1.82,43
dirty,590,-1.92,2.05,-0.12,2.29,-0.3,2.12,36
disappoint,120,-2.61,1.44,-0.08,2.64,-1.71,2.32,.
disaster,121,-3.27,1.13,1.33,2.7,-1.48,2.42,26
discomfort,726,-2.81,1.23,-0.83,2.44,-1.14,2.26,7
discouraged,122,-2,2.16,-0.47,2.11,-1.39,2.01,15
disdainful,123,-1.32,1.9,0.04,2.14,-0.45,1.92,2
disgusted,124,-2.55,1.41,0.42,2.59,-0.66,1.94,6
disloyal,125,-3.07,1.61,1.56,2.21,-1.21,2.75,2
displeased,126,-2.21,2.23,0.64,2.48,-0.81,2.19,7
distressed,127,-3.06,1.1,1.4,2.38,-1.24,2.41,4
disturb,727,-1.34,2,0.8,2.39,-0.45,1.9,10
diver,510,1.45,1.55,0.04,2.1,0.04,1.91,1
divorce,128,-2.78,1.88,1.33,2.71,-1.74,2.24,29
doctor,129,0.2,2.54,0.86,2.7,-0.11,2.75,100
dog,511,2.57,1.66,0.76,2.5,1.25,2.1,75
doll,728,1.09,1.96,-0.76,2.43,-0.39,2.07,10
dollar,729,2.47,1.72,1.07,2.67,1.33,2.42,46
door,130,0.13,1.44,-1.2,2.29,-0.31,1.72,312
dove,730,1.9,1.54,-1.21,2.28,0.48,1.7,4
dreadful,131,-2.74,1.91,0.84,2.62,-0.9,2.36,10
dream,132,1.73,1.75,-0.47,2.72,0.53,1.98,64
dreary,731,-1.95,1.58,-2.02,2.18,-1.19,1.64,6
dress,133,1.41,1.34,-0.95,1.89,0,1.89,67
drown,591,-3.08,1.48,1.57,2.33,-2.14,1.99,3
dummy,732,-1.62,1.7,-0.65,2.25,-1.33,2.02,3
dump,733,-1.79,1.87,-0.88,2.36,-1.17,1.87,4
dustpan,555,-1.02,1.68,-1.57,2,0.45,1.81,.
earth,134,2.15,1.67,-0.76,2.49,0.61,2.3,150
easy,734,2.1,1.91,-0.52,2.82,2,1.63,125
easygoing,135,2.2,1.5,-0.7,2.52,0.25,1.75,1
eat,136,2.47,1.73,0.69,2.51,0.6,2.12,61
ecstasy,735,2.98,1.52,2.38,1.92,1.68,2.08,6
education,137,1.69,1.77,0.74,2.46,1.15,2.35,214
egg,736,0.29,1.82,-1.24,2.39,-0.51,2.16,12
elated,138,2.45,1.77,1.21,2.3,0.53,2.35,3
elbow,737,0.12,0.92,-1.19,2.14,-0.12,1.52,10
elegant,139,2.43,1.26,-0.47,2.65,0.95,2.09,14
elevator,738,0.44,1.18,-0.84,1.99,-0.68,1.69,12
embarrassed,140,-1.97,1.85,0.87,2.55,-2.13,1.99,8
embattled,141,-0.61,1.63,0.36,2.37,-0.19,1.79,1
employment,147,1.47,1.81,0.28,2.12,0.73,2.08,47
engaged,143,3,1.38,1.77,2.07,1.49,2.22,47
engine,148,0.2,1.18,-1.02,2.33,0,1.77,50
enjoyment,145,2.8,1.2,0.2,2.72,1.46,1.77,21
ennui,146,0.09,1.76,-0.6,2.33,-0.33,1.8,.
enraged,149,-2.54,1.65,2.97,2.17,1.33,2.92,1
erotic,512,2.43,1.53,2.24,1.97,1.39,2.16,8
errand,150,-0.42,1.74,-1.15,1.92,-0.22,1.51,7
event,740,1.21,1.63,0.1,2.4,0.52,1.57,81
evil,741,-1.77,2.64,1.39,2.44,0.25,2.6,72
excellence,151,3.38,0.96,0.54,2.67,2.28,2.32,15
excitement,152,2.5,2.2,2.67,1.91,1.18,2.17,32
excuse,153,-0.95,1.41,-0.52,2.29,-0.93,2.1,27
execution,154,-2.63,2.06,0.71,2.74,-0.89,2.66,15
exercise,155,2.13,1.58,1.84,2.06,0.68,2.44,58
fabric,742,0.3,1.2,-0.86,1.98,0.03,1.61,15
face,556,1.39,1.6,0.04,2.18,0.67,1.58,371
failure,156,-3.3,1.07,-0.05,2.81,-2.6,2.18,89
fall,743,-0.91,2.21,-0.3,2.48,-1,2.15,147
FALSE,744,-1.73,1.4,-1.57,2.09,-0.9,1.56,29
fame,157,2.93,1.29,1.55,2.46,1.85,2.14,18
family,158,2.65,1.55,-0.2,2.71,1,1.87,331
famous,745,1.98,2.07,0.73,2.68,1.32,2.18,89
fantasy,746,2.41,1.9,0.14,2.82,1.43,2.05,14
farm,557,0.53,1.85,-1.1,1.95,0.59,1.81,125
fascinate,159,2.34,1.68,0.83,2.73,1.15,1.89,3
fat,160,-2.72,1.92,-0.19,2.8,-0.53,3.06,60
father,161,2.08,2.2,0.92,2.6,0.63,2.89,383
fatigued,162,-1.72,1.43,-2.36,2.19,-1.22,1.97,3
fault,747,-1.57,1.38,-0.93,1.69,-0.98,1.66,22
favor,748,1.46,1.52,-0.46,1.86,0.67,1.76,78
fear,592,-2.24,2.12,1.96,2.17,-1.78,2.2,127
fearful,163,-2.75,1.18,1.33,2.28,-1.36,2.18,13
feeble,164,-1.74,1.47,-0.9,2.07,-2.29,1.64,8
festive,749,2.3,2.26,1.58,2.29,0.77,2.34,2
fever,750,-2.24,1.64,-0.71,2.31,-1.48,2.15,19
field,558,1.2,1.37,-0.92,2.41,0.84,1.94,274
fight,751,-1.24,2.63,2.15,2.19,0.27,2.69,98
filth,165,-2.53,1.68,0.12,2.32,-1.19,2.06,2
finger,752,0.29,1.42,-1.22,2.42,0.05,1.7,40
fire,166,-1.78,2.06,2.17,2.06,-0.51,2.49,187
fireworks,513,2.55,1.5,1.67,2.12,0.51,1.98,5
fish,559,1.04,1.94,-1,2.19,1.02,1.68,35
flabby,167,-2.34,1.87,-0.18,2.81,-1.69,1.9,.
flag,753,1.02,1.66,-0.4,2.35,0.5,1.66,16
flirt,754,2.52,1.19,1.91,1.69,1.24,2.33,1
flood,755,-1.81,1.66,1,2.02,-1.76,2.14,19
flower,168,1.64,1.78,-1,2.44,-0.02,2.17,23
foam,756,1.07,2.03,0.26,2.54,0.24,1.97,37
food,514,2.65,1.37,0.92,2.11,1.18,2.48,147
foot,757,0.02,0.93,-1.73,1.98,-0.02,1.42,70
fork,560,0.29,0.97,-1.04,1.94,0.74,1.52,14
foul,169,-2.19,1.52,-0.07,2.23,-0.49,1.89,4
fragrance,170,1.07,1.97,-0.21,2.54,0.14,1.91,6
fraud,171,-2.33,1.66,0.75,2.45,-1.42,2.5,8
free,172,3.26,1.31,0.15,3.04,1.35,2.4,260
freedom,173,2.58,2.04,0.52,2.72,1.76,2.29,128
friend,174,2.74,1.24,0.74,2.57,1.74,1.89,133
friendly,175,3.43,1.08,0.11,2.96,0.92,2.42,61
frigid,758,-1.5,1.85,-0.25,2.56,-0.73,1.98,5
frog,176,0.71,1.74,-0.46,2.03,0.34,1.96,1
frustrated,177,-2.52,1.64,0.61,2.76,-1.5,2.12,10
fun,759,3.37,1.11,2.22,2.01,1.8,1.85,44
funeral,178,-3.61,0.87,-0.06,3.21,-2.03,2.55,33
fungus,179,-1.94,1.75,-0.32,2.33,-0.94,1.94,2
fur,180,-0.49,1.88,-0.82,2.44,-0.68,1.97,13
game,760,1.98,1.97,0.89,2.37,0.7,1.65,123
gangrene,181,-2.72,1.91,0.7,2.96,-1.64,2.34,.
garbage,182,-2.02,1.96,0.04,2.5,-0.76,2.02,7
garden,761,1.71,1.74,-0.61,2.35,1.02,1.71,60
garment,762,1.07,1.61,-0.51,2.5,0.3,1.96,6
garter,534,1.22,1.59,0.47,2.15,0.82,1.62,2
gender,763,0.73,1.55,-0.62,2.13,0.6,1.84,2
gentle,183,2.31,1.3,-1.79,2.57,0.1,2.16,27
germs,764,-2.14,1.39,-0.51,2.24,-1.21,1.59,1
gift,184,2.77,2.24,1.14,2.76,0.52,2.54,33
girl,185,1.87,1.64,-0.71,2.69,0.8,2.16,220
glacier,186,0.5,1.25,-0.76,2.29,-0.08,2.12,1
glamour,187,1.76,1.6,-0.32,2.23,0.76,2.49,5
glass,765,-0.25,1.38,-0.73,2.07,0,1.46,99
gloom,188,-3.12,1.23,-1.17,2.33,-1.45,2.07,14
glory,189,2.55,1.68,1.02,2.71,1.85,2.23,21
god,190,3.15,1.27,0.95,2.84,0.88,2.89,318
gold,191,2.54,1.63,0.76,2.79,0.85,2.46,52
golfer,535,0.61,1.93,-1.27,2.26,0.55,1.79,3
good,766,2.47,1.45,0.43,2.85,1.41,2.05,807
gossip,767,-1.52,2.33,0.74,2.38,-1.43,2.26,13
graduate,192,3.19,1.13,2.25,2.25,1.94,2.44,30
grass,768,1.12,1.44,-0.86,2.11,0.44,1.36,53
grateful,193,2.37,0.97,-0.42,2.14,1.18,1.77,25
greed,769,-1.49,1.93,-0.29,2.26,-0.12,2.03,3
green,194,1.18,2.05,-0.72,2.46,-0.18,2.05,116
greet,770,2,1.52,0.27,2.31,0.95,2.07,7
grenade,771,-1.4,1.88,0.7,2.52,-0.71,2.5,3
grief,195,-3.31,1.04,-0.22,2.84,-1.5,2.35,10
grime,772,-1.63,1.34,-1.02,2.29,-0.53,1.28,.
grin,773,2.4,1.87,0.27,2.64,1,1.86,13
gripe,774,-1.86,1.56,0,2.19,-0.33,1.79,.
guillotine,196,-2.52,2.11,1.56,2.54,-0.36,2.63,.
guilty,197,-2.37,1.98,1.04,2.76,-1.91,2.22,29
gun,593,-1.53,2.48,2.02,1.84,-1.47,2.72,118
gymnast,515,1.35,1.79,0.02,2.2,0.31,1.79,1
habit,775,-0.89,1.77,-1.05,2.11,-0.7,1.79,23
hairdryer,561,-0.16,0.84,-1.29,1.75,0.57,1.27,.
hairpin,776,0.26,1.45,-1.73,2.41,0.05,1.32,1
hamburger,777,1.27,1.5,-0.45,2.14,0.32,1.21,6
hammer,198,-0.12,1.16,-0.42,2.02,-0.25,1.88,9
hand,778,0.95,1.38,-0.6,2.07,0.35,1.49,431
handicap,779,-1.71,1.69,-1.19,2.27,-1,2.24,6
handsome,199,2.93,1.47,0.95,2.73,0.19,2.22,40
haphazard,780,-0.98,1.41,-0.93,2.18,-0.71,1.67,2
happy,200,3.21,1.82,1.49,2.77,1.63,2.43,98
hard,781,0.22,1.82,0.12,2.19,0.59,1.63,202
hardship,782,-2.55,1.61,-0.24,2.55,-0.78,2.4,9
hat,783,0.46,1.36,-0.9,2,0.39,1.43,56
hate,201,-2.88,1.72,1.95,2.56,0.05,2.95,42
hatred,202,-3.02,1.92,1.66,2.56,-0.7,2.76,20
hawk,536,0.88,1.62,-0.61,2.29,0.5,1.69,14
hay,784,0.24,1.24,-1.05,2.58,0.37,1.64,19
headache,203,-2.98,1.06,0.07,2.74,-1.4,1.98,5
headlight,785,0.24,1.51,-1.19,2.22,-0.12,1.47,.
heal,786,2.09,1.46,-0.23,2.23,0.79,1.8,2
health,204,1.81,1.88,0.13,2.35,0.83,1.91,105
heart,787,2.39,1.53,1.34,2.25,0.49,2.11,173
heaven,205,2.3,2.39,0.61,3.2,1.15,2.56,43
hell,788,-2.76,1.62,0.38,2.62,-1.76,2.36,95
helpless,206,-2.8,1.42,0.34,2.52,-2.73,1.83,21
heroin,789,-0.64,2.73,0.11,2.72,-0.2,2.54,2
hide,207,-0.68,1.91,0.28,2.51,-1.6,2.12,22
highway,562,0.92,1.72,0.16,2.44,0.66,1.81,40
hinder,790,-1.19,1.42,-0.88,2.01,-0.79,1.54,.
history,208,0.24,2.01,-1.07,2.29,-0.17,2.08,286
hit,594,-0.67,2.35,0.73,2.09,-0.12,2.01,115
holiday,791,2.55,2.14,1.59,2.73,1.3,2.17,17
home,209,2.91,1.63,-0.79,2.94,0.9,2.3,547
honest,210,2.7,1.43,0.32,1.92,1.24,2.13,47
honey,792,1.73,1.7,-0.49,2.25,0.44,1.47,25
honor,211,2.66,1.24,0.9,1.83,1.7,2.04,66
hooker,793,-1.66,2.31,-0.07,2.82,-0.27,2.48,.
hope,794,2.05,1.96,0.44,2.47,0.52,2.2,178
hopeful,212,2.1,1.46,0.78,2.09,0.41,1.92,12
horror,213,-2.24,2.25,2.21,2.14,-0.37,2.7,17
horse,214,0.89,1.55,-1.11,2.17,-0.33,1.6,117
hospital,215,0.04,2.45,0.98,2.54,-0.31,2.16,110
hostage,216,-2.8,1.8,1.76,2.63,-2.17,2.32,2
hostile,217,-2.27,1.5,1.44,2.28,-0.15,2.58,19
hotel,795,1,1.77,-0.2,2.53,0.12,1.84,126
house,563,2.26,1.72,-0.44,2.41,1.08,2.12,591
hug,218,3,1.55,0.35,2.76,0.79,2.41,3
humane,796,1.89,1.7,-0.5,1.91,0.7,1.91,5
humble,219,0.86,1.42,-1.26,2.33,-0.24,2.25,18
humiliate,797,-2.76,1.34,1.14,2.42,-2.4,1.94,.
humor,220,3.56,0.81,0.5,2.91,1.08,2.14,47
hungry,221,-1.42,2.01,0.13,2.44,-0.32,2.05,23
hurricane,798,-1.66,2.12,1.83,2.06,-1.93,2.18,8
hurt,222,-3.1,1.26,0.85,2.49,-1.67,2.22,37
hydrant,564,0.02,0.93,-1.29,1.75,0.53,1.3,.
icebox,799,-0.05,1,-0.83,2.11,0.05,1.05,3
idea,800,2,1.34,0.86,1.81,1.26,2,195
identity,801,1.57,1.99,-0.05,2.24,1.4,1.89,55
idiot,223,-1.84,1.91,-0.79,2.47,-1.82,2.13,2
idol,802,1.12,1.86,-0.05,2.14,0.37,2.17,7
ignorance,803,-1.93,2.25,-0.61,2.49,-0.59,2.38,16
illness,804,-2.52,1.4,-0.29,2.24,-1.79,1.85,20
imagine,805,2.32,1.52,0.98,2.14,2.07,1.99,61
immature,806,-1.61,1.7,-0.85,1.96,-0.15,2.2,7
immoral,807,-1.5,2.16,-0.02,2.48,-0.34,2.33,5
impair,808,-1.82,1.86,-0.96,2.14,-0.91,2.18,4
impotent,224,-2.19,1.92,-0.43,2.59,-1.57,2.43,2
impressed,225,2.33,1.84,0.42,2.65,0.51,2.21,30
improve,226,2.65,1.16,0.69,2.15,1.08,2.25,39
incentive,809,2,1.72,0.69,2.45,0.93,2.02,12
indifferent,810,-0.39,1.28,-1.82,1.85,-0.16,1.67,11
industry,227,0.3,1.61,-0.53,2.43,-0.09,2.04,171
infant,811,1.95,2.08,0.05,2.66,0.67,2.48,11
infatuation,516,1.73,2.08,2.02,1.87,-0.1,2.28,4
infection,228,-3.34,1.34,0.03,2.77,-1.39,2.64,8
inferior,812,-1.93,1.57,-1.17,2.05,-2.22,2.08,7
inhabitant,813,0.05,1.34,-1.05,1.97,0.37,1.43,.
injury,595,-2.51,1.76,0.69,2.06,-1.43,1.62,27
ink,229,0.05,0.81,-1.16,1.88,-0.39,2.13,7
innocent,814,1.51,1.34,-0.79,1.99,0.28,2.08,37
insane,815,-2.15,1.94,0.83,2.45,-0.88,2.23,13
insect,816,-0.93,2.16,-0.93,2.46,-0.44,2.47,14
insecure,230,-2.64,1.33,0.56,2.34,-2.67,1.95,3
insolent,231,-0.65,1.76,0.38,2.37,-0.5,2.06,2
inspire,232,1.97,1.91,0,2.53,1.34,2.11,3
inspired,233,2.15,1.85,1.02,2.67,1.67,2.31,25
insult,817,-2.71,1.33,1,2.46,-1.38,2.05,7
intellect,818,1.82,1.96,-0.25,2.5,1.3,1.98,5
intercourse,819,2.36,1.57,2,2.07,1.4,1.78,9
interest,234,1.97,1.53,0.66,2.26,0.88,1.78,330
intimate,821,2.61,1.51,1.98,2.21,0.86,2.29,21
intruder,822,-2.23,2.32,1.86,2.41,-1,2.68,1
invader,823,-1.95,2.01,0.5,2.4,-1,2.6,1
invest,824,0.93,2.1,0.12,2.42,0.88,1.95,3
iron,565,-0.1,1.02,-1.24,2.06,0.1,1.27,43
irritate,235,-1.89,1.67,0.76,2.15,0.03,2.05,.
item,825,0.26,0.86,-1.76,2.08,0.26,1.67,54
jail,236,-3.05,1.27,0.49,2.67,-1.19,2.71,21
jealousy,237,-2.49,1.83,1.36,2.66,-1.2,2.41,4
jelly,238,0.66,1.44,-1.3,2.29,-0.47,1.77,3
jewel,239,2,1.72,0.38,2.54,0.59,2.19,1
joke,826,3.1,1.36,1.74,1.84,1.15,1.86,22
jolly,827,2.41,1.92,0.57,2.8,1.39,1.72,4
journal,828,0.14,1.49,-0.95,1.96,0.26,1.42,42
joy,240,3.6,0.71,2.22,2.13,1.28,2.15,40
joyful,241,3.22,1.22,0.98,2.54,1.6,1.8,1
jug,829,0.24,1.65,-1.12,2.15,0.05,1.62,6
justice,242,2.78,1.35,0.47,2.54,1.47,2.26,114
kerchief,830,0.11,1.33,-1.57,2.08,0.25,1.28,1
kerosene,243,-0.2,1.59,-0.66,2.51,-0.37,1.99,6
ketchup,831,0.6,1.35,-0.91,2.08,0.29,1.81,1
kettle,832,0.22,0.91,-1.78,2.23,0,1.4,3
key,833,0.68,1.62,-1.3,2.18,-0.02,2.04,88
kick,834,-0.69,2.18,-0.1,2.35,0.5,1.93,16
kids,835,1.91,1.99,0.27,2.36,0.07,2.03,32
killer,244,-3.11,1.39,2.86,1.89,-0.46,3.11,21
kind,245,2.59,1.67,-0.54,2.55,0.95,1.93,313
kindness,246,2.82,1.39,-0.7,2.62,0.67,2.63,5
king,247,2.26,1.67,0.51,2.77,2.38,2.1,88
kiss,248,3.26,1.54,2.32,2.03,1.93,2.28,17
kitten,517,1.86,2.13,0.08,2.45,1.86,2.01,5
knife,596,-1.38,2.18,0.8,2,-0.88,2.18,76
knot,836,-0.36,1.36,-0.93,2.15,-0.33,1.65,8
knowledge,249,2.58,1.32,0.92,2.32,1.78,2.41,145
lake,250,1.82,1.54,-1.05,2.44,-0.1,2.1,54
lamb,837,0.89,1.73,-1.64,2.18,-0.09,1.96,7
lamp,838,0.41,1,-1.2,2.12,0.27,1.61,18
lantern,839,0.57,1.19,-0.95,2.28,0.07,1.82,13
laughter,251,3.45,1.08,1.75,2.5,1.45,2.45,22
lavish,840,1.21,2.03,-0.07,2.4,0.64,1.61,3
lawn,841,0.24,0.86,-1,1.79,0.37,1.11,15
lawsuit,842,-1.63,2,-0.07,2.44,-1.08,2.02,1
lazy,843,-0.62,2.02,-2.35,2.06,-0.93,1.93,9
leader,844,2.63,1.59,1.27,2.18,2.88,1.6,74
learn,252,2.15,1.49,0.39,2.22,1.34,2.17,84
legend,845,1.39,1.34,-0.12,1.76,0.54,1.64,26
leisurely,253,1.88,1.81,-1.2,2.38,0.15,1.9,5
leprosy,254,-2.91,1.4,1.29,2.23,-1,2.3,1
lesbian,597,-0.33,2.45,0.12,2.27,0.35,2.2,.
letter,846,1.61,1.59,-0.1,2.37,0.73,1.48,145
liberty,255,2.98,1.22,0.6,2.65,1.29,2.44,46
lice,256,-2.69,1.78,0,2.26,-1.05,2.29,2
lie,257,-2.21,1.92,0.96,2.63,-1.7,2.42,59
life,258,2.27,1.88,1.02,2.62,0.72,2.51,715
lightbulb,566,0.61,1.28,-0.9,2.02,0.82,1.56,.
lighthouse,847,0.89,2.08,-0.59,2.44,0.25,2.02,.
lightning,598,-0.43,2.66,1.61,1.77,-1.33,2.19,14
limber,848,0.68,1.49,-0.43,2.26,0.34,1.84,2
lion,518,0.57,1.99,1.2,2.16,-0.88,2.33,17
listless,259,-0.88,1.73,-0.9,2.31,-0.86,1.73,1
lively,849,2.2,1.97,0.53,2.9,1.09,1.95,26
locker,850,0.19,1.31,-1.62,2.13,0.36,1.87,9
loneliness,260,-3.39,1.02,-0.44,2.97,-2.49,2.27,9
lonely,261,-2.83,1.76,-0.49,2.68,-2.05,2.12,25
loser,851,-2.75,1.48,-0.05,2.57,-1.98,2.17,1
lost,852,-2.18,1.83,0.82,2.62,-2.14,1.64,173
lottery,853,1.57,2.04,0.36,2.45,-0.19,2.11,1
louse,262,-2.19,1.92,-0.02,2.03,-1.43,2.26,3
love,263,3.72,0.7,1.44,3.35,2.11,2.56,232
loved,264,3.64,0.71,1.38,2.68,1.62,2.53,56
loyal,265,2.55,1.9,0.16,2.42,1.91,2.23,18
lucky,266,3.17,1.06,1.53,2.34,1.05,2.25,21
lump,854,-0.84,2.34,-0.2,2.82,-0.68,2.18,7
luscious,267,2.5,1.08,0.34,2.51,0.68,1.84,2
lust,519,2.12,1.62,1.88,1.85,0.49,2.27,5
luxury,268,2.88,1.49,-0.25,2.91,1.4,2.45,21
machine,855,0.09,1.67,-1.18,2.4,0.23,2.06,103
mad,856,-2.56,1.72,1.76,2.26,0.86,2.2,39
madman,857,-1.09,2.49,0.56,2.78,-0.21,2.55,2
maggot,269,-2.94,1.47,0.28,2.96,-0.97,2.09,2
magical,858,2.46,1.64,0.95,2.36,0.73,2.19,12
mail,859,1.88,1.74,0.63,2.36,0.67,1.79,47
malaria,860,-2.6,1.38,-0.6,2.54,-1.78,1.9,3
malice,270,-2.31,1.84,0.86,2.75,-0.26,2.72,2
man,537,1.73,1.7,0.24,2.31,0.53,2.23,1207
mangle,861,-1.1,2.01,0.44,2.1,-0.39,1.84,.
maniac,862,-1.24,2,0.39,2.46,-0.78,2.07,4
manner,863,0.64,1.34,-0.44,1.78,0.05,1.83,124
mantel,864,-0.07,1.4,-1.73,2.23,-0.05,1.61,3
manure,865,-1.9,1.74,-0.83,2.09,-0.33,1.36,6
market,866,0.66,1.02,-0.88,1.83,0.27,1.4,155
massacre,867,-2.72,1.74,0.33,2.63,-1.5,2.26,1
masterful,271,2.09,1.78,0.2,2.85,2.18,2.56,2
masturbate,599,0.45,2.02,0.67,2.18,0.63,2.25,.
material,868,0.26,1.29,-0.95,2.34,0.12,1.45,174
measles,272,-2.26,1.97,0.06,2.44,-0.87,2.16,2
medicine,869,0.67,2.06,-0.6,2.36,-0.3,1.91,30
meek,273,-1.13,1.69,-1.2,2.13,-1.33,2.23,10
melody,870,2.07,1.79,-0.02,2.52,0.46,1.78,21
memories,871,2.48,1.61,1.1,2.1,0.88,1.92,15
memory,274,1.62,1.5,0.42,2.25,0.11,2.12,76
menace,275,-2.12,1.64,0.52,2.45,-0.02,2.25,9
merry,872,2.9,1.49,0.9,2.42,1.64,1.66,8
messy,873,-1.85,1.73,-1.66,2.37,-0.25,2.15,3
metal,874,-0.05,1.17,-1.21,1.96,0.38,1.4,61
method,875,0.56,1.76,-1.15,2.58,0.67,1.58,142
mighty,276,1.54,2.19,0.61,2.38,2.23,2.11,29
mildew,277,-1.83,1.36,-0.92,1.79,-0.6,1.79,1
milk,876,0.95,2.16,-1.32,2.57,0.83,1.5,49
millionaire,278,3.03,1.42,1.14,2.7,1.97,2.4,2
mind,877,1.68,1.84,0,2.68,1.37,2.19,325
miracle,279,3.6,0.71,2.65,1.67,0.35,2.58,16
mischief,878,0.57,2.05,0.76,1.95,0.56,1.88,5
misery,879,-3.07,1.6,0.17,2.69,-2.45,1.45,15
mistake,880,-2.14,1.79,0.18,2.42,-1.14,2.42,34
mobility,881,1.83,1.79,0,2.18,1.43,1.48,8
modest,280,0.76,1.28,-1.02,2.24,-0.04,2.16,29
mold,882,-1.45,1.7,-0.93,1.98,-0.67,1.83,45
moment,281,0.76,1.65,-1.17,2.29,-0.19,1.92,246
money,282,2.59,1.4,0.7,2.66,1.25,2.33,265
month,283,0.15,1.09,-0.97,1.77,-0.15,1.14,130
moody,883,-1.8,1.58,-0.82,2.38,-0.61,1.71,5
moral,884,1.2,1.85,-0.51,2.28,0.9,2.2,142
morbid,284,-2.13,2.14,0.06,2.68,-0.66,2.5,1
morgue,285,-3.08,1.32,-0.16,2.96,-1.39,1.94,1
mosquito,885,-2.2,1.91,-0.22,2.72,-0.49,2.15,1
mother,286,3.39,1.15,1.13,2.71,0.74,2.37,216
mountain,287,1.59,1.66,0.49,2.43,0.46,2.36,33
movie,288,1.86,1.81,-0.07,2.54,0,1.79,29
mucus,886,-1.66,2.29,-1.59,2.17,-0.2,1.83,2
muddy,887,-0.56,2.07,-0.87,2.13,-0.27,1.77,10
muffin,888,1.57,2.04,-0.24,2.42,0.51,1.63,.
murderer,289,-3.47,0.96,2.47,2.18,-1.23,3.06,19
muscular,290,1.82,1.63,0.47,2.2,1.58,2.28,16
museum,889,0.54,1.86,-1.4,2.13,0.32,1.68,32
mushroom,567,0.78,2.22,-0.28,2.33,0.52,2.1,2
music,291,3.13,1.09,0.32,3.19,1.39,2.44,216
mutation,890,-1.09,2.44,-0.16,2.52,-0.93,2.1,.
mutilate,292,-3.18,1.45,1.41,2.94,-1.59,2.71,3
mystic,891,1,2.21,-0.16,2.57,0.52,1.93,3
naked,892,1.34,2.42,0.8,2.8,1,2.05,32
name,893,0.55,2.24,-0.75,2.47,0.16,2.08,294
narcotic,894,-0.71,2.3,-0.07,2.57,-0.56,2.43,2
nasty,895,-1.42,2.38,-0.11,2.5,0,2.17,5
natural,896,1.59,1.57,-0.91,2.37,0.57,1.69,156
nature,293,2.65,1.37,-0.63,2.51,-0.05,2.72,191
nectar,294,1.9,1.53,-1.11,2.48,-0.46,2.06,3
needle,897,-1.18,1.73,0.36,2.89,-1.05,2.17,15
neglect,898,-2.37,1.64,-0.17,2.31,-1.15,2.29,12
nervous,899,-1.71,1.47,1.59,2.07,-1.44,1.73,24
neurotic,900,-0.55,2.23,0.13,2.76,-0.59,2.05,10
news,901,0.3,1.67,0.17,2.11,-0.4,1.88,102
nice,902,1.55,2.44,-0.62,2.69,0.58,2.2,75
nightmare,295,-3.09,1.54,2.59,2.23,-1.32,2.76,9
nipple,903,1.27,1.81,0.56,2.55,0.57,2,.
noisy,904,0.02,2.02,1.38,1.78,-0.07,1.76,6
nonchalant,296,-0.26,1.11,-1.88,1.93,-0.69,1.54,1
nonsense,905,-0.39,1.63,-0.83,2.02,-0.1,1.55,13
noose,906,-1.24,1.64,-0.61,2.08,-0.83,1.92,3
nourish,907,1.46,1.69,-0.71,2.51,0.8,1.62,.
nude,520,1.82,1.63,1.41,2.09,0.96,2.29,20
nuisance,908,-1.73,1.86,-0.51,2.69,-0.64,1.73,5
nun,909,-0.07,1.89,-2.07,1.8,-0.07,1.69,2
nurse,538,1.08,2.08,-0.16,2.04,-0.16,2.2,17
nursery,910,0.73,2.3,-0.96,2.74,0.18,2.23,13
obesity,911,-2.27,1.85,-1.13,2.82,-1.26,2.45,5
obey,912,-0.48,1.88,-0.77,1.72,-0.74,2.4,8
obnoxious,913,-1.5,2.18,-0.26,2.42,0.39,2.2,5
obscene,914,-0.77,2.3,0.04,2.3,-0.52,1.91,2
obsession,915,-0.48,2.13,1.41,2.13,-0.23,2.38,5
ocean,297,2.12,1.72,-0.05,2.79,0.53,2.75,34
odd,916,-0.18,2.04,-0.73,2.46,-0.23,1.89,44
offend,917,-2.24,1.5,0.56,2.06,-1.27,2.03,4
office,568,0.24,1.59,-0.92,1.92,0.59,1.89,255
opinion,298,1.28,1.45,-0.11,2.46,0.53,1.93,96
optimism,918,1.95,2.24,0.34,2.58,1.61,2.06,15
option,919,1.49,1.31,-0.26,2.23,1.34,1.8,5
orchestra,299,1.02,1.89,-1.48,2.29,0.17,2.14,60
orgasm,920,3.32,1.31,3.1,1.45,1.83,2.18,7
outdoors,521,2.47,1.8,0.92,2.55,1.27,2.24,6
outrage,921,-1.48,2.12,1.83,2.26,0.26,2.72,4
outstanding,922,2.75,1.75,1.24,2.59,1.4,2.29,37
overcast,923,-1.35,1.61,-1.54,1.92,-0.8,1.79,9
overwhelmed,300,-0.81,2.61,2,2.37,-1.11,2.58,4
owl,522,0.8,1.31,-1.02,1.87,0.82,1.62,2
pain,301,-2.87,1.81,1.5,2.49,-1.29,2.53,88
paint,924,0.62,1.72,-0.9,2.36,0.75,1.71,37
palace,302,2.19,1.78,0.1,2.75,0.69,2.17,38
pamphlet,925,-0.21,1.05,-1.38,2.02,-0.37,1.48,3
pancakes,523,1.08,1.83,-0.94,2.13,0.76,1.61,.
panic,601,-1.88,1.84,2.02,2.02,-1.8,1.67,22
paper,303,0.2,1.21,-2.5,1.85,-0.53,1.67,157
paradise,304,3.72,0.6,0.12,3.38,1.03,2.79,12
paralysis,926,-3.02,1.44,-0.27,2.83,-2.44,1.82,6
part,927,0.11,1.78,-1.18,2.24,-0.25,1.59,500
party,305,2.86,1.83,1.69,2.84,0.83,2.46,216
passage,928,0.28,1.44,-0.64,2.13,0.02,1.62,49
passion,306,3.03,1.27,2.26,2.57,1.13,2.24,28
pasta,524,1.69,1.64,-0.06,2.04,0.8,1.47,.
patent,307,0.29,1.08,-1.5,1.84,-0.1,1.79,35
patient,929,0.29,1.89,-0.79,2.37,-0.1,2.31,86
patriot,930,1.71,1.69,0.17,2.53,0.9,1.54,10
peace,308,2.72,1.75,-2.05,2.55,0.45,2.84,198
penalty,931,-2.17,1.56,0.1,2.31,-1.05,1.97,14
pencil,309,0.22,0.68,-1.86,1.9,-0.22,1.73,34
penis,932,0.9,1.72,0.54,2.63,0.92,2.54,.
penthouse,933,1.81,1.64,0.52,2.49,1.52,1.82,1
people,525,2.33,1.7,0.94,2.09,1.14,2.02,847
perfection,310,2.25,2.05,0.95,2.73,1.71,2.26,11
perfume,934,1.76,1.48,0.05,2.36,0.93,1.69,10
person,311,1.32,1.74,-0.81,2.45,0.35,2.02,175
pervert,312,-2.21,2.12,1.26,2.61,-0.28,2.83,1
pest,313,-1.87,1.82,0.62,2.15,0.29,2.13,4
pet,935,1.79,2.32,0.1,2.59,0.85,2.28,8
phase,936,0.17,0.79,-1.02,1.82,-0.35,1.72,72
pie,314,1.41,1.89,-0.8,2.4,0.35,1.78,14
pig,937,0.07,1.97,-0.8,2.42,0.34,1.88,8
pillow,315,2.92,1.4,-2.03,2.52,-0.44,2.17,8
pinch,938,-1.17,1.7,-0.41,2.1,-0.24,1.73,6
pistol,939,-0.8,2.58,1.15,2.19,0.05,2.77,27
pity,940,-1.63,1.57,-1.28,2.02,-0.88,1.82,14
pizza,526,1.65,2.23,0.24,2.09,0.69,1.9,3
plain,941,-0.61,1.46,-1.48,2.05,-0.29,1.68,48
plane,539,1.43,1.98,1.14,2.39,-0.22,2.19,114
plant,316,0.98,1.83,-1.38,2.25,-0.29,2.12,125
pleasure,317,3.28,0.92,0.74,2.81,1.15,2.31,62
poetry,318,0.86,1.91,-1,2.85,0.31,1.81,88
poison,319,-3.02,1.44,1.05,2.82,-1.9,2.44,10
politeness,320,2.18,1.5,-1.26,2.37,0.74,1.7,5
pollute,321,-3.15,1.11,1.08,2.42,-0.08,2.51,1
poster,942,0.34,1.75,-1.07,2.56,-0.09,1.87,4
poverty,322,-3.33,0.9,-0.13,2.66,-1.79,2.21,20
power,323,1.54,2.21,1.67,1.87,2.28,2.35,342
powerful,324,1.84,1.8,0.83,2.69,2.19,2.52,63
prairie,325,0.75,1.43,-1.59,2.17,-0.38,2.13,21
present,943,1.95,1.85,0.12,2.39,0.83,1.78,377
pressure,944,-1.62,1.61,1.07,2.26,-1.55,2.07,185
prestige,945,2.26,1.9,0.86,2.08,1.9,1.96,29
pretty,326,2.75,1.26,1.03,2.22,0.5,1.97,107
prick,946,-1.02,1.73,-0.3,2.59,-0.53,1.88,2
pride,327,2,2.11,0.83,2.48,2.06,2.15,42
priest,328,1.42,2,-0.59,2.71,-0.12,2.07,16
prison,329,-2.95,1.34,0.7,2.56,-0.8,2.58,42
privacy,330,0.88,1.5,-0.88,1.83,0.66,1.78,12
profit,331,2.63,1.3,1.68,1.78,0.85,2.47,28
progress,947,2.73,1.34,1.02,2.58,1.76,2.05,120
promotion,332,3.2,1.15,1.44,2.58,1.79,2.28,26
protected,333,2.29,1.79,-0.91,2.77,0.8,2.54,31
proud,334,3.03,1.56,0.56,3.01,1.74,2.73,50
pungent,948,-1.05,2.09,-0.76,2.17,-0.22,1.52,4
punishment,335,-2.78,1.41,0.93,2.4,-1.5,2.43,21
puppy,336,2.56,1.9,0.85,2.78,0.51,2.39,2
pus,602,-2.14,1.91,-0.18,2.06,-0.65,1.82,.
putrid,337,-2.62,1.71,0.74,2.26,-0.11,2.09,.
python,949,-0.95,2.48,1.18,2.25,-0.48,2.56,14
quality,950,1.25,1.59,-0.52,2.12,0.64,1.59,114
quarrel,338,-2.07,2.06,1.29,2.56,-0.98,2.16,20
quart,951,0.39,2.01,-1.41,2.51,0.2,1.86,3
queen,952,1.44,1.43,-0.24,2.18,0.49,2.12,41
quick,953,1.64,1.61,1.57,1.78,1.57,1.91,68
quiet,339,0.58,1.83,-2.18,2.13,-0.58,2.3,76
rabbit,527,1.57,1.92,-0.98,2.19,1.08,1.72,11
rabies,340,-3.23,0.97,1.1,2.62,-1.15,2.34,1
radiant,954,1.73,2.17,0.39,2.82,0.61,2.17,8
radiator,955,-0.33,1.05,-0.98,1.94,-0.19,1.38,4
radio,341,1.73,1.47,-0.22,2.82,0.28,1.85,120
rage,342,-2.59,1.86,3.17,1.4,0.68,3.01,16
rain,569,0.08,2.51,-1.35,2.35,-0.22,1.68,70
rainbow,343,3.14,1.23,-0.36,2.88,-0.28,2.37,4
rancid,956,-0.66,2.28,0.04,2.27,-0.41,1.86,.
rape,344,-3.75,0.91,1.81,3.17,-2.03,2.94,5
rat,345,-1.98,1.66,-0.05,2.36,-0.45,2.14,6
rattle,346,0.03,1.23,-0.64,2.18,-0.83,1.56,5
razor,957,-0.19,2.16,0.36,2.44,-0.09,1.95,15
red,570,1.41,1.61,0.29,2.04,0.78,1.59,197
refreshment,347,2.44,1.29,-0.55,2.7,0,1.92,2
regretful,348,-2.72,1.42,0.74,2.32,-1.57,2.52,1
rejected,349,-3.5,1.09,1.37,2.56,-2.28,2.58,33
relaxed,350,2,1.77,-2.61,2.13,0.55,1.9,14
repentant,351,0.53,1.86,-0.31,1.98,0.42,2.06,1
reptile,958,-0.23,2,0.18,2.19,-0.23,2.02,.
rescue,352,2.7,1.24,1.53,2.56,1.45,2.29,15
resent,959,-1.24,1.9,-0.53,2.12,-0.54,2.09,8
reserved,353,-0.12,1.83,-1.73,2.05,-0.7,1.93,27
respect,354,2.64,1.29,0.19,2.39,1.89,2.11,125
respectful,355,2.22,1.27,-0.4,2.67,0.67,2.38,4
restaurant,960,1.76,1.85,0.41,2.55,0.73,1.41,41
reunion,961,1.48,2.45,1.34,2.35,0.64,1.95,11
reverent,356,0.35,1.21,-1,1.6,-0.33,1.68,3
revolt,357,-0.87,1.78,1.56,2.34,1.18,2.11,8
revolver,962,-0.98,2.44,0.55,2.39,-0.61,2.47,14
reward,358,2.53,1.67,-0.05,2.62,1,2.14,15
riches,359,2.7,1.95,1.17,2.7,1.74,2.43,2
ridicule,360,-1.87,2.24,0.83,2.73,-1.13,2.7,5
rifle,603,-0.98,2.76,1.35,2.04,-0.84,2.71,63
rigid,963,-1.34,2.12,-0.34,2.47,-0.39,2.04,24
riot,361,-2.04,1.93,1.39,2.63,-0.82,2.47,7
river,362,1.85,1.69,-0.49,2.42,0.1,1.86,165
roach,363,-2.65,1.7,1.64,2.64,-0.18,2.94,2
robber,964,-2.39,1.69,0.62,2.72,-1.38,2.38,2
rock,965,0.56,1.38,-0.48,2.37,0.15,2.01,75
rollercoaster,528,3.02,1.63,3.06,1.71,0.1,2.76,.
romantic,364,3.32,1,2.59,2.07,1.08,2.29,32
rotten,365,-2.74,1.37,-0.47,2.38,-0.68,2.09,2
rough,966,-0.26,2,0.33,2.04,-0.19,1.7,41
rude,366,-2.5,2.11,1.31,2.47,-0.09,2.49,6
runner,571,0.67,1.91,-0.24,2.4,0.47,1.84,1
rusty,367,-1.14,1.47,-1.23,2.16,-0.47,1.62,8
sad,368,-3.39,0.95,-0.87,2.38,-1.55,2.18,35
safe,967,2.07,1.9,-1.14,2.72,0.81,2.06,58
sailboat,529,2.25,1.71,-0.12,2.73,0.86,1.71,1
saint,968,1.49,1.7,-0.51,1.9,0.37,2.11,16
salad,369,0.74,1.62,-1.19,2.29,0.47,1.68,9
salute,370,0.92,1.57,0.31,2.23,0.46,2.05,3
sapphire,371,2,1.88,0,2.72,0.55,2.24,.
satisfied,372,2.94,1.19,-0.06,2.63,1.14,2.37,36
save,969,1.45,1.93,-0.05,2.19,1,1.79,62
savior,373,2.73,1.56,0.8,3.01,1.64,2.18,6
scalding,970,-2.18,2.12,0.95,2.55,-1.18,2.3,1
scandal,971,-1.68,1.81,0.12,2.22,-0.66,1.73,8
scapegoat,972,-1.33,1.65,-0.47,2.13,-1.48,1.7,1
scar,973,-1.62,1.7,-0.21,2.11,-1.12,1.71,10
scared,604,-2.22,1.99,1.82,2.03,-2.06,2.19,21
scholar,374,2.26,1.42,0.12,2.46,1.59,2.02,15
scissors,974,0.05,0.96,-0.53,1.76,0.16,1.84,1
scorching,975,-1.24,1.83,0,2.74,-0.9,2.01,.
scorn,375,-2.16,2.07,0.48,2.52,-1.07,2.64,4
scornful,376,-1.98,2.03,0.04,2.56,-0.41,2.18,5
scorpion,976,-1.31,2.63,0.38,3.08,-1.02,2.44,.
scream,605,-1.12,2.07,2.04,1.96,-0.25,2.21,13
scum,377,-2.57,1.56,-0.12,2.36,-0.74,1.99,.
scurvy,378,-1.81,2,-0.29,2.72,-0.52,2.48,1
seasick,379,-2.95,1.2,0.8,2.88,-1.59,2.39,.
seat,380,-0.05,0.98,-2.05,1.72,-0.16,1.88,54
secure,381,2.57,1.76,-1.86,2.47,0.93,2.57,30
selfish,382,-2.58,1.62,0.5,2.62,-0.36,2.31,8
sentiment,977,0.98,1.71,-0.59,2.3,0.09,1.46,23
serious,383,0.08,1.59,-1,1.87,0.12,1.65,116
severe,978,-1.8,1.74,0.26,2.36,-1.17,1.91,39
sex,384,3.05,1.53,2.36,1.91,0.75,2.25,84
sexy,530,3.02,1.12,2.36,1.91,1.82,2.13,2
shadow,385,-0.65,1.23,-0.7,2.26,-0.81,1.82,36
shamed,386,-2.5,1.34,-0.12,2.27,-2.02,1.94,1
shark,606,-1.35,2.47,2.16,1.96,-2.37,2.16,.
sheltered,387,0.75,1.92,-0.72,1.77,-1.24,1.91,4
ship,388,0.55,1.4,-0.62,2.29,0.12,2.31,83
shotgun,979,-0.63,2.75,1.27,1.94,0.29,2.67,8
shriek,980,-1.07,2.22,0.36,2.91,-0.7,1.86,5
shy,389,-0.36,1.83,-1.23,2.29,-1.56,1.96,13
sick,607,-3.1,1.14,-0.71,2.45,-1.96,1.65,51
sickness,390,-2.75,1.71,0.61,2.67,-1.16,2.5,6
silk,391,1.9,1.27,-1.29,2.51,-0.19,1.93,12
silly,981,2.41,1.8,0.88,2.38,1,2.09,15
sin,392,-2.2,1.67,0.78,2.21,-1.38,2.29,53
sinful,393,-2.07,2.15,1.29,2.43,-0.76,2.73,3
sissy,394,-1.86,1.96,0.17,2.57,-1.42,2.74,.
skeptical,395,-0.48,1.63,-0.09,1.92,-0.5,1.61,7
skijump,531,2.06,1.73,2.06,2.1,-0.1,2.32,.
skull,608,-0.73,1.83,-0.25,1.85,-0.14,1.62,3
sky,572,2.37,1.4,-0.73,2.17,0.16,2,58
skyscraper,573,0.88,1.87,0.71,2.17,-0.67,2.36,2
slap,396,-2.05,1.79,1.46,2.58,-0.79,2.29,2
slaughter,397,-3.36,1.18,1.77,2.42,-1.18,2.75,10
slave,398,-3.16,1.13,1.21,2.93,-1.71,2.76,30
sleep,399,2.2,1.77,-2.2,2.66,0.41,2.41,65
slime,400,-2.32,1.66,0.36,2.63,-0.83,1.82,1
slow,982,-1.07,1.6,-1.61,2.22,-0.65,1.61,60
slum,401,-2.61,1.25,-0.22,2.52,-1.17,2.18,8
slush,983,-0.34,1.88,-1.27,2.23,-0.09,1.48,.
smallpox,402,-2.48,2.08,0.58,2.13,-0.71,2.17,2
smooth,984,1.58,1.78,-0.09,2.57,0.09,2.09,42
snake,609,-1.69,2.2,1.82,2.1,-1.22,2.05,44
snob,403,-1.64,1.81,0.65,2.36,0.11,2.25,1
snow,575,2.08,1.83,0.75,2.47,0.8,1.97,59
snuggle,404,2.92,1.24,-0.84,2.8,0.66,2.47,4
social,985,1.88,1.82,-0.02,2.59,0.91,2.07,380
soft,986,2.12,1.34,-0.37,2.61,1,1.8,61
solemn,405,-0.68,1.51,-1.44,1.95,-0.39,1.87,12
song,987,2.1,1.97,1.07,2.42,0.85,2.12,70
soothe,988,2.3,1.85,-0.6,3.08,0.36,2.24,2
sour,989,-1.07,1.98,0.1,1.95,-0.36,1.5,3
space,574,1.78,1.66,0.14,2.54,0.2,2.44,184
spanking,990,-1.45,2.54,0.41,2.73,-1.09,2.51,.
sphere,991,0.33,0.87,-1.12,1.99,0,0.92,22
spider,610,-1.67,1.72,0.71,2.21,-0.25,2.11,2
spirit,406,2,1.32,0.56,2.62,0.82,2.42,182
spouse,407,2.58,1.48,0.21,2.75,0.53,1.97,3
spray,992,0.45,1.63,-0.86,2.28,0.12,1.43,16
spring,993,2.76,1.51,0.67,2.51,1.26,1.98,127
square,408,-0.26,1.02,-1.82,1.76,-0.49,1.45,143
stagnant,994,-0.85,1.57,-1.07,1.94,-0.29,1.36,5
star,409,2.27,1.66,0.83,2.44,-0.32,2.15,25
startled,410,-0.5,1.67,1.93,2.24,-0.52,1.57,21
starving,611,-2.61,1.82,0.61,2.53,-1.37,2.1,6
statue,995,0.17,0.7,-1.54,1.72,-0.05,1.4,17
stench,996,-2.81,1.37,-0.64,2.46,-0.71,1.91,1
stiff,997,-0.32,1.97,-0.98,2.41,-0.07,2.04,21
stink,411,-2,1.79,-0.74,2.1,-0.84,1.98,3
stomach,998,-0.18,2.06,-1.07,2.49,-0.32,1.85,37
stool,999,-0.44,1.72,-1,2.14,-0.02,1.85,8
storm,1000,-0.05,2.22,0.71,2.34,-0.46,2.04,26
stove,1001,-0.02,1.69,-0.49,2.14,0.36,1.87,15
street,412,0.22,0.72,-1.61,1.87,-0.19,1.21,244
stress,413,-2.91,1.41,2.45,2.38,-1.07,2.75,107
strong,414,2.11,1.48,0.92,2.28,1.92,2.43,202
stupid,415,-2.69,1.37,-0.28,2.71,-2.02,2.18,24
subdued,416,-0.33,1.31,-2.1,1.81,-0.92,1.56,8
success,417,3.29,0.93,1.11,2.65,1.89,2.4,93
suffocate,418,-3.44,0.96,1.03,3.19,-1.56,2.81,1
sugar,1002,1.74,1.73,0.64,2.18,0.5,1.5,34
suicide,419,-3.75,0.69,0.73,3.14,-1.42,3.02,17
sun,532,2.55,1.85,0.04,2.66,1.16,2.09,112
sunlight,1003,2.76,1.43,1.1,2.3,0.63,2.15,17
sunrise,420,2.86,1.35,0.06,3.05,0.29,2.41,10
sunset,421,2.68,1.72,-0.8,2.99,0.66,2.08,14
surgery,612,-2.14,2.19,1.35,2.32,-2.25,1.86,6
surprised,422,2.47,1.56,2.47,2.09,1.11,2.19,58
suspicious,423,-1.24,1.42,1.25,1.59,-0.53,1.99,13
swamp,1004,0.14,2.24,-0.14,2.36,0.29,1.63,5
sweetheart,424,3.42,0.83,0.5,2.73,1.03,2.24,9
swift,1005,1.46,1.76,0.39,2.53,1.29,1.85,32
swimmer,576,1.54,1.64,-0.18,2.49,0.96,1.91,.
syphilis,425,-3.32,1.23,0.69,3.25,-1.67,2.67,.
table,426,0.22,0.72,-2.08,2.16,-0.53,1.66,198
talent,427,2.56,1.25,1.27,1.8,1.49,1.75,40
tamper,1006,-0.9,1.88,-0.05,2.01,-0.42,2.1,1
tank,613,0.16,1.87,-0.12,1.86,-0.22,1.93,12
taste,1007,1.66,1.57,0.22,2.38,0.5,1.65,59
taxi,1008,0,1.96,-1.59,2.14,-0.36,1.83,16
teacher,1009,0.68,2.12,-0.95,2.61,0.11,2.2,80
tease,1010,-0.16,2.51,0.87,2.56,-0.33,2.37,6
tender,1011,1.93,1.28,-0.12,2.3,0.33,1.75,11
tennis,540,1.02,1.97,-0.39,2.6,0.61,2.12,15
tense,428,-1.44,1.36,1.53,2.1,0.22,2.02,15
termite,429,-1.42,2.08,0.39,2.43,-1.13,1.87,.
terrible,430,-3.07,1.44,1.27,2.44,-1.42,2.34,45
terrific,431,3.16,1.12,1.23,2.73,1.6,2.15,5
terrified,432,-3.28,1.14,2.86,2.27,-1.92,2.75,7
terrorist,614,-3.31,1.42,2.27,2.38,-2.35,2.3,.
thankful,433,1.89,2.29,-0.66,2.31,0.32,2,6
theory,434,0.3,1.49,-0.38,1.94,-0.12,1.81,129
thermometer,1012,-0.27,1.05,-1.21,2.02,-0.61,1.51,.
thief,435,-2.87,1.69,1.89,2.13,-1.21,2.55,8
thorn,436,-1.36,1.76,0.14,2.14,-0.55,1.5,3
thought,1013,1.39,1.58,-0.17,2.46,1.02,1.7,515
thoughtful,437,2.65,1.03,0.72,2.3,0.61,2.11,11
thrill,438,3.05,1.48,3.02,1.65,1.54,2.3,5
tidy,1014,1.3,1.56,-1.02,2.22,0.49,1.93,1
time,439,0.31,2.02,-0.36,2.75,-0.37,2.24,1599
timid,440,-1.14,1.55,-0.89,2.09,-1.91,1.91,5
tobacco,441,-1.72,2.16,-0.17,2.9,-0.92,2.27,19
tomb,442,-2.06,1.88,-0.27,2.72,-1.28,2.05,11
tool,1015,0.19,1.27,-0.67,1.78,0.67,1.62,40
toothache,443,-3.02,1.15,0.55,2.51,-1.1,1.85,.
tornado,444,-2.45,1.78,1.83,2.49,-0.7,2.42,1
torture,445,-3.44,0.79,1.1,2.77,-1.67,2.37,3
tower,1016,0.46,1.75,-1.05,2.28,0.78,2.14,13
toxic,446,-2.9,1.48,1.4,2.41,-0.58,2.51,3
toy,1017,2,2.01,0.11,2.84,1.09,1.84,4
tragedy,447,-3.22,1.31,1.24,2.64,-1.5,2.34,49
traitor,448,-2.78,1.69,0.78,2.47,-0.39,2.71,2
trash,615,-2.33,1.45,-0.84,2.16,0.24,1.85,2
trauma,616,-2.9,1.49,1.33,2.45,-2.16,1.87,1
travel,1018,2.1,2,1.21,2.51,1.31,2.08,61
treasure,449,3.27,0.9,1.75,2.3,1.36,2.42,4
treat,1019,2.36,1.38,0.62,2.25,0.78,1.82,26
tree,450,1.32,1.56,-1.58,2.21,0.08,2.29,59
triumph,451,2.8,1.83,0.78,2.6,1.98,2.2,22
triumphant,452,3.82,0.73,1.78,2.58,1.95,2.55,5
trophy,453,2.78,1.22,0.39,2.44,1.44,2.32,8
trouble,454,-1.97,2.09,1.85,2.03,-0.15,2.39,134
troubled,455,-2.83,1.21,0.94,2.36,-1.09,2.33,31
truck,577,0.47,1.88,-0.16,2.17,0.33,1.83,57
trumpet,456,0.75,1.38,-0.03,2.13,-0.43,1.72,7
trunk,1020,0.09,1.57,-0.82,2.19,0.14,1.9,8
trust,457,1.68,2.71,0.3,2.66,1.61,2.04,52
truth,458,2.8,1.29,0,2.77,1.47,2.11,126
tumor,459,-2.64,2.04,1.51,2.85,-1.42,2.42,17
tune,1021,1.93,1.47,-0.29,2.09,0.74,1.82,10
twilight,1022,2.23,1.8,-0.3,2.41,0.59,1.82,4
ugly,460,-2.57,1.27,0.38,2.23,-0.74,2.33,21
ulcer,461,-3.22,1.17,1.12,2.68,-0.83,2.22,5
umbrella,578,0.16,1.57,-1.32,1.99,0.42,1.91,8
unfaithful,462,-2.95,1.55,1.2,2.7,-1.98,2.54,1
unhappy,463,-3.43,0.96,-0.82,2.5,-1.66,2.35,26
unit,1023,0.59,1.87,-1.25,2.49,0.11,1.74,103
untroubled,464,2.62,1.41,-1.11,2.54,0.53,2.54,.
upset,465,-3,1.18,0.86,2.4,-0.92,2.31,14
urine,617,-1.75,1.71,-0.8,2.18,0.24,1.86,1
useful,466,2.14,1.6,-0.74,2.47,0.93,2.1,58
useless,467,-2.87,1.42,-0.13,2.58,-1.08,2.62,17
utensil,1024,0.14,1.39,-1.43,1.98,0.4,1.47,.
vacation,468,3.16,1.36,0.64,2.99,1.8,2.08,47
vagina,1025,1.14,1.77,0.55,2.55,0.88,1.74,10
valentine,469,3.11,1.35,1.06,2.91,0.81,2.45,2
vampire,470,-0.74,1.86,1.37,2.35,0.05,2.27,1
vandal,471,-2.29,1.91,1.4,1.88,-1.09,2.49,1
vanity,472,-0.7,1.91,-0.02,2.31,-0.2,2.03,7
vehicle,473,1.27,2.34,-0.37,2.81,0.77,2.61,35
venom,474,-2.32,1.81,1.08,2.44,-1.06,2.23,2
vest,1026,0.25,1.33,-1.05,2.09,0.09,1.24,4
victim,618,-2.82,1.48,1.06,2.32,-2.31,2.04,27
victory,475,3.32,1.16,1.63,2.84,2.26,2.14,61
vigorous,476,1.79,1.54,0.9,2.66,0.41,2.22,29
village,477,0.92,1.34,-0.92,1.87,-0.06,1.74,72
violent,478,-2.71,1.78,1.89,2.47,0.16,2.86,33
violin,579,0.43,1.98,-1.51,2.26,0.18,2.01,11
virgin,1027,1.45,1.76,0.51,2.06,1.24,2.48,35
virtue,479,1.22,2.06,-0.48,2.52,1.13,2.09,30
vision,480,1.62,1.84,-0.34,2.43,1.02,1.96,56
volcano,619,-0.16,2.14,1.33,2.21,-1.75,1.97,2
vomit,481,-2.94,1.57,0.75,2.84,-1.42,2.45,3
voyage,1028,1.25,1.91,0.55,2.23,0.18,1.98,17
wagon,1029,0.37,0.97,-1.02,2.04,0.05,1.2,55
war,482,-2.92,1.91,2.49,2.16,-0.5,3,464
warmth,483,2.41,1.81,-1.27,2.4,0.61,1.67,28
wasp,484,-1.63,1.63,0.5,2.17,-1.24,1.82,2
waste,485,-2.07,1.76,-0.86,2.3,-0.28,1.94,35
watch,580,0.78,1.51,-0.9,2.12,0.37,1.75,81
water,486,1.61,1.78,-0.03,2.49,0.08,1.99,442
waterfall,487,2.88,1.03,0.37,2.84,0.2,2.18,2
wealthy,488,2.7,1.34,0.8,2.73,1.77,2.57,12
weapon,489,-1.03,1.92,1.03,1.89,0.19,2.61,42
weary,490,-1.21,2.12,-1.19,2.29,-1,1.91,17
wedding,491,2.82,1.56,0.97,2.85,1.68,2.08,32
whistle,1030,0.81,1.21,-0.31,1.99,0.27,1.87,4
white,542,1.47,1.59,-0.63,2.14,0.98,1.73,365
whore,492,-2.7,2.11,0.85,2.93,-0.39,2.73,2
wicked,493,-2.04,2.37,1.09,2.44,-0.64,2.65,9
wife,1031,1.33,1.97,-0.07,2.22,0.57,1.68,228
win,494,3.38,0.92,2.72,2.16,2.39,2.36,55
windmill,1032,0.6,1.65,-1.26,2.13,0.24,1.04,1
window,495,0.91,1.38,-1.03,2.01,-0.09,1.6,119
wine,496,0.95,2.19,-0.22,2.34,0.31,2.15,72
wink,1033,1.93,1.83,0.44,2.68,0.7,1.77,7
wise,497,2.52,1.23,-1.09,2.64,1.7,2.39,36
wish,1034,2.09,2,0.16,2.62,0.28,2.09,110
wit,1035,2.32,1.9,0.42,2.44,1.38,2.01,20
woman,498,1.64,1.76,0.32,2.59,1.33,1.52,224
wonder,499,1.03,1.58,0,2.23,0.32,2.17,67
world,500,1.5,2.03,0.32,2.39,0.26,2.47,787
wounds,620,-2.49,1.58,0.82,2.01,-1.08,1.57,8
writer,1036,0.52,1.9,-0.67,2.45,-0.27,1.84,73
yacht,1037,1.95,1.79,0.61,2.72,1.1,2.13,4
yellow,545,0.61,1.94,-0.57,2.05,0.47,1.58,55
young,1038,1.89,2.12,0.64,2.51,0.3,2.49,385
youth,1039,1.75,2.29,0.67,2.52,0.11,2.55,82
zest,1040,1.79,2.04,0.59,2.66,1,1.99,5